{"cameraMode":{"drawMode":0,"name":"Shaded","section":"Shading Mode"},"sceneLighting":true,"audioPlay":false,"sceneViewState":{"m_AlwaysRefresh":false,"showFog":true,"showSkybox":true,"showFlares":true,"showImageEffects":true,"showParticleSystems":true,"showVisualEffectGraphs":true,"m_FxEnabled":true},"in2DMode":false,"pivot":{"x":583.2329711914063,"y":311.2377014160156,"z":12.749526023864746},"rotation":{"x":0.045288924127817157,"y":-0.014988341368734837,"z":0.00068059959448874,"w":0.9988604784011841},"size":512.8692626953125,"orthographic":true}