{"cameraMode":{"drawMode":0,"name":"Shaded","section":"Shading Mode"},"sceneLighting":true,"audioPlay":false,"sceneViewState":{"m_AlwaysRefresh":false,"showFog":true,"showSkybox":true,"showFlares":true,"showImageEffects":true,"showParticleSystems":true,"showVisualEffectGraphs":true,"m_FxEnabled":true},"in2DMode":false,"pivot":{"x":6.187335014343262,"y":-0.9015715718269348,"z":36.006099700927737},"rotation":{"x":0.044258955866098407,"y":0.8518525958061218,"z":-0.07305621355772019,"w":0.5169054269790649},"size":8.44037914276123,"orthographic":false}