{"cameraMode":{"drawMode":0,"name":"Shaded","section":"Shading Mode"},"sceneLighting":true,"audioPlay":false,"sceneViewState":{"m_AlwaysRefresh":false,"showFog":true,"showSkybox":true,"showFlares":true,"showImageEffects":true,"showParticleSystems":true,"showVisualEffectGraphs":true,"m_FxEnabled":true},"in2DMode":false,"pivot":{"x":-3.6870718002319338,"y":1.7612183094024659,"z":40.262168884277347},"rotation":{"x":0.04289151355624199,"y":0.8963552117347717,"z":-0.08907121419906616,"w":0.43233373761177065},"size":4.200507640838623,"orthographic":false}