{"cameraMode":{"drawMode":0,"name":"Shaded","section":"Shading Mode"},"sceneLighting":true,"audioPlay":false,"sceneViewState":{"m_AlwaysRefresh":false,"showFog":true,"showSkybox":true,"showFlares":true,"showImageEffects":true,"showParticleSystems":true,"showVisualEffectGraphs":true,"m_FxEnabled":true},"in2DMode":false,"pivot":{"x":-2.722320079803467,"y":-20.799884796142579,"z":16.983890533447267},"rotation":{"x":-0.004157374147325754,"y":0.9346633553504944,"z":-0.35534608364105227,"w":-0.010934943333268166},"size":54.44667053222656,"orthographic":false}