{"cameraMode":{"drawMode":0,"name":"Shaded","section":"Shading Mode"},"sceneLighting":true,"audioPlay":false,"sceneViewState":{"m_AlwaysRefresh":false,"showFog":true,"showSkybox":true,"showFlares":true,"showImageEffects":true,"showParticleSystems":true,"showVisualEffectGraphs":true,"m_FxEnabled":true},"in2DMode":false,"pivot":{"x":-0.05252349376678467,"y":0.5407825708389282,"z":1.1854138374328614},"rotation":{"x":-0.014782686717808247,"y":0.9805295467376709,"z":-0.08138363808393479,"w":-0.1781221479177475},"size":1.3360345363616944,"orthographic":false}