{"cameraMode":{"drawMode":0,"name":"Shaded","section":"Shading Mode"},"sceneLighting":true,"audioPlay":false,"sceneViewState":{"m_AlwaysRefresh":false,"showFog":true,"showSkybox":true,"showFlares":true,"showImageEffects":true,"showParticleSystems":true,"showVisualEffectGraphs":true,"m_FxEnabled":true},"in2DMode":false,"pivot":{"x":4.133884429931641,"y":-5.1663312911987309,"z":8.039843559265137},"rotation":{"x":0.21870853006839753,"y":-0.30977681279182436,"z":0.07345134019851685,"w":0.9223960638046265},"size":20.039438247680665,"orthographic":false}